name,file_name,pc,dummy,var_size
ActualTorch3,TORCH3,127,65,0
ACSpark,CAMERA,4,1,0
Bubble,BUBBLES,1204,3,0
Bird_Freeze,BIRDFREZ,40,49,1
Bird_Shield,BIRDSHLD,40,49,1
Bird_OneUp,BIRD1UP,27,50,2
BossNeptuna,NEPTUNA,532,0,4
BoboRobo,BOBO,83,17,2
BlowStream,WATERFAN,702,20,0
BlockerKnight,BKNT,72,20,1
BlockerCloud,BKNT,521,20,1
BalloonMan,BMAN,4,0,2
BossDante,DANTE,426,3,4
BossFlibby,FLIBBY,733,20,5
BMeg,BMEG,64,0,2
BlurEffect,BMEG,458,0,0
BigRat,BRAT,235,0,3
BigWorm,BWRM,136,20,0
BalloonBoss,BALLBOSS,781,20,4
BossCactus,CACTUSBS,1109,20,5
BalloonDoor,BMAN,2774,0,1
BalloonSpike,BMAN,737,49,0
Bolt,BOLTSHOT,130,52,2
BigCogAntiCW,COG,24,17,0
BigCogCW,COG,103,17,0
BMegSmall,BMEGSMAL,56,0,3
BoltShooter,BOLTSHOT,4,81,0
BlurEffectSmall,BMEGSMAL,441,0,0
BmFireSmall,BMEGSMAL,603,0,0
BoltShooter2,BOLTSHT2,4,3,0
Balloon_Man_Explosion,BMAN,2186,52,0
BirdSparkle,BIRD1UP,393,50,0
BalloonPop,BMAN,1575,52,0
BalloonBit,BMAN,1743,52,0
Balloon_Man_Go_Bang,BMAN,2340,0,0
Balloon_Door_Explosion,BMAN,3246,0,0
Bit_Of_Balloon_Man,BMAN,2621,0,0
Balloon_Door_Fragment,BMAN,3388,0,0
BackSlide,SHPG,517,52,0
BalloonEnder,BALLBOSS,1532,20,0
Balloons,BALLBOSS,1559,20,2
BossDantePart2,DANTE2,413,20,5
BossDantePart3,DANTE3,375,0,4
BonusDoor,BONDOOR,4,0,0
BonusDoorR,BONDOOR,221,0,0
BonusDoorL,BONDOOR,518,0,0
Bat,BAT,4,84,0
Bats,BATS,4,17,0
BeBlockBlue,BEBALLB,157,66,1
BeBlockRed,BEBALLR,157,66,1
BeBlockGreen,BEBALLG,157,66,1
BeBlockYellow,BEBALLY,157,66,1
BeBlockCage,BECAGE,9,66,0
BALNSPRG,BALNSPRG,4,20,0
Bird_Victory,BIRDVICT,108,0,2
BirdVictSparkle,BIRDVICT,458,0,0
BalnSprgCol,BALNSPRG,135,20,0
BloodMaker,SEED_1UP,874,0,0
BloodDrip,SEED_1UP,997,0,0
BloodMakerWater,SEED_1W,526,18,0
BloodDripWater,SEED_1W,640,18,0
BossFlibbyNew,FLIBBY,609,20,5
BubbleCloud,BUBBLES,1425,3,0
BonusFlourish,BONDOOR,758,0,0
BonusCrysSprk,BONDOOR,1290,0,0
BnsSprkle,BONDOOR,942,0,0
BnsSprkleFlrsh,BONDOOR,872,0,0
BirdStart,BIRDSTRT,18,20,2
BirdStartSpark,BIRDSTRT,198,20,0
BangBubble,NEPTUNA,2187,0,0
Croc,CROC,7040,0,6
CrocLavaGen,CROC,14459,0,0
Crystal,CRYSTAL,4,67,0
CrystalSpark,CRYSSPRK,4,75,0
CrocLavaSmoke,CROCSMKE,4,20,0
ColBox,ELECWALL,334,3,0
ConveyorPlatform,CONV,430,49,3
CrSmStay,CRSHBLOK,1151,52,0
CactusBullet,CACTUSBS,1615,49,1
CrocSlide,CROCSLDE,64,17,0
CrocBubble,SWIMCROC,3100,49,0
CactLevelEnder,CACTUSBS,2396,20,0
ChaseMeBlock,CHASEBLK,363,0,3
Crystal_B,CRYSTALB,348,0,0
Crystal_O,CRYSTALO,348,0,0
Crystal_N,CRYSTALN,348,0,0
Crystal_U,CRYSTALU,353,0,0
Crystal_S,CRYSTALS,353,0,0
CactSmoke,CACTUSBS,2664,20,0
CactBlur,CACTUSBS,3123,20,1
CactProj,CACTUSBS,3415,20,0
CrystalBoss,CRYSBOSS,225,20,3
CageFountain,CAGESWCH,216,0,0
CagePadlock,CAGESWCH,644,0,0
CrocOnBoard,CROCSLDE,430,17,1
CrystalGhost,GHSTCRYS,766,0,0
CrystalLightning,CRYSBOSS,824,20,0
CrysGong,CRYSGONG,129,17,0
CrysExitGong,CRYSGONG,420,17,0
CrysExitFrame,CRYSGONG,574,17,0
CrocLewis,CROCLEW,6353,3,6
CrocLavaGenX,CROCLEW,13540,67,0
Chumley,CHUMLEY,300,0,4
Crystal_SmashBlock_B,CRYSMBKB,280,0,0
Crystal_SmashBlock_O,CRYSMBKO,280,0,0
Crystal_SmashBlock_N,CRYSMBKN,280,0,0
Crystal_SmashBlock_U,CRYSMBKU,280,0,0
Crystal_SmashBlock_S,CRYSMBKS,280,0,0
CastleEngine,FALLENG,4,2,0
ChumSmoke,CHUMLEY,1530,0,0
ChumSmk1Jet,CHUMLEY,1792,0,1
CastleEngine2,FALLENG2,4,2,0
CastleEngine3,FALLENG3,4,20,0
CastleSwitch,FALLENG3,344,20,0
CrocVictSpark,CROC,14243,0,0
CrocVictSparkleGen,CROC,13974,0,0
CrystalFall,CRYSFALL,32,1,0
CrystalHelp,CRYSHELP,35,20,0
CrysHelpArrow,CRYSHELP,142,20,0
CrysHelpCollect,CRYSHELP,312,20,0
CameraSparkles,CAMERA,284,1,0
Center,CAMERA,340,1,0
Crystal35Fall,SMBK35,437,20,0
Crystal35Flm,SMBK35,560,20,0
DeathFX,DEATHFX,4,0,0
DetmBalloon,DETHSLID,416,49,1
DeathSlide,DETHSLID,4,17,1
DethBalloon,DETHSLID,399,17,1
DethSparkle,DETHSLID,790,17,0
DesertExplosion,DSRTMINE,126,52,0
DoorFragment,BMAN,2302,52,0
Dante2,DANTE2,21,52,1
Dante3,DANTE3,21,52,1
DanteShock,DANTE,1734,3,0
DanteShockChase,DANTE,1651,3,0
DanteColumn,DANTE3,666,52,0
DanteColm,DANTE3,1459,20,1
DanteLightning,DANTE3,1494,0,0
DantiniThrow,DT02,624,20,3
DantiniSnb,DT02,1230,20,0
DantiniJump,DT03,457,20,3
DantiniWalk,DT01,634,0,3
DantiniTest,DT00,106,20,2
DantiniSwim,DT05,421,20,2
DantiniSwimUp,DT06,451,0,2
DantiniFly,DT07,272,20,2
DantiniFlame,FLMDNT,748,0,2
DntFlmClm,FLMDNT,346,84,0
DntFlmColm,FLMDNT,1091,0,0
DantiniZap,DT08,667,0,3
DantiniZapper,DT08,1677,0,0
DantiniGobbo,DT10,2490,3,0
DantiniCarrier,DT10,712,3,4
DantiniStomp,DT04,373,1,3
DantiniWTZapper,DT06,1019,0,0
DantiniLode,DT11,362,20,3
DummyGobbo,SHELGAME,4,0,0
DantiniTumble,DT12,356,20,4
DantiniShrub,DT13,318,20,3
DanteColCol,DANTE3,1680,20,1
DTStompBillow,DT04,961,1,0
DTStompBSmoke,DT04,1005,1,0
DanteTop,DANTE3,1405,20,0
DethSlid_Disappear,DETHSLID,682,17,0
DanTestCam,DANCAM,183,20,1
Dantini__Thief,DT09,712,3,4
DantiniGobbo10,DT10,2508,3,0
DantiniPickup10,DT10,2657,3,0
DantiniThief,DT09,712,3,4
DantiniGobbo09,DT09,2508,3,0
DantiniPickup09,DT09,2657,3,0
DanteHandSlap,DANTE,1860,3,0
ElectricWall,ELECWALL,27,0,2
ElectricWater,ELECWATR,4,0,0
ElectricActual,ELECWATR,352,0,2
Eyes,EYES,4,75,0
ForestMonkBarStr,MBRF1,4,52,0
ForestMonkBarCorner,MBRF2,4,52,0
ForestMonkBarCorner2,MBRF3,4,52,0
ForestMonkBarEnd,MBRF4,4,52,0
ForestMonkBarMiddle,MBRF5,4,52,0
ForestMonkBarSide,MBRF6,4,52,0
ForestMonkBarTJunction,MBRF7,4,52,0
ForestMonkBarXRoad,MBRF8,4,52,0
FlibbyCollision,FLIBBY,3062,20,0
FlibbyBelly,FLIBBY,3358,20,0
Fire,BMEG,609,0,0
FireGenerator,BMEG,529,0,0
Fireball,FJMP,905,0,0
FireJumper,FJMP,383,0,3
FunkyMonkey,FKMK,134,50,3
Fragment,ROLLBOUL,753,17,0
FlurryMaker,ICEBOSS,3543,20,0
Flmcolmn,FLMCOLMN,4,84,1
FrkFx,NEPTUNA,1261,52,1
FrkFX,NEPTUNA,1609,20,1
FireGeneratorSmall,BMEGSMAL,512,0,0
FrkSpkle,NEPTUNA,1840,0,1
FlameColumn,FLMCOLM,4,52,0
FuseDude,FUSEDUDE,947,20,4
FuseDudeSmoke,FUSEDUDE,2199,20,0
FuseExplode,FUSEDUDE,1646,20,0
FuseBang,FUSEDUDE,2045,20,1
ForestMonkBarSngl,MBRF9,4,59,0
FallSwitchLeft,FALLGAME,693,0,0
FallSwitchRight,FALLGAME,893,0,0
FallPlatform,FALLGAME,1311,0,1
FallGame,FALLGAME,1958,0,0
FallRedCrystal,FALLGAME,186,65,0
FallCrystal,FALLGAME,369,0,1
FallExtra,FALLGAME,388,50,0
FallExtraLife,FALLGAME,1044,0,1
FountainWater,FNTN,4,51,0
FinalExit,FINLEXIT,45,20,0
FinalExitGong,FINLEXIT,407,20,1
FinalExitFrame,FINLEXIT,632,20,0
FallPickupFountain,FALLGAME,4507,0,0
FireBall,FIREBALL,35,67,0
FireballBlub,FIREBALL,217,67,0
Fish,FISH,4,84,0
FallGobbo,FALLGAME,20,0,0
FallFX,FALLFX,4,2,0
FallFX4Real,FALLFX,110,2,0
FallFXScale,FALLFX,914,2,0
FallRaft,FALLRAFT,4,2,0
FallFXUp,FALLFX,480,2,0
FallFX4RealUp,FALLFX,544,2,0
FallRaftUp,FALLRFT2,4,2,0
FallRaft3,FALLRFT3,4,2,1
FallCastlePlatform,FALLPLAT,4,2,1
FuseSmoke,FUSEDUDE,2196,20,0
FuseSmokeGen,FUSEDUDE,1205,20,0
FallGame2,FALLGAME,3380,0,0
FinalExitCol,FINLEXIT,229,20,0
FootPuff,FOOTPUFF,4,20,0
FootPrint,FOOTPRIN,4,0,0
FootSpray,FOOTPUFF,354,20,0
FallWarp,FALLWARP,4,20,0
Gobbo,GOBBO,457,0,3
GobboWater,GOBBOWT,363,0,4
GuidedPlatform,GUIDE,98,17,3
GuidedSwitch,GUIDE,672,50,1
Grimmy,GRIM,175,17,2
Ghost,GHST,171,20,0
Grinder,GRND,4,52,0
GobboBubbleCase,GOBBOWT,1001,0,0
Gong,GONG,4,85,0
GobboCage,CAGESWCH,29,0,1
GobboSpark,GOBBO,1034,0,0
GobboSparks,GOBBO,1417,0,0
GobboWTSpark,GOBBOWT,1061,0,0
GobboWTSparks,GOBBOWT,1424,0,0
GhostCrystal,GHSTCRYS,17,0,0
GhostCrystalDisplay,GHSTCRYS,301,0,0
GhostPop,GHSTCRYS,502,0,0
GobboFromSmBk,SMBKGOBB,848,3,3
GobboFromSmBkF,SMBKGOBF,764,1,3
GoldKeySprkle,KEY4DOOR,436,0,0
GoldKeyJmpSprkle,KEY4DOOR,702,0,0
GobboVict,GOBBOVT,4,20,0
GobboFromDantini,DT10,2267,1,3
GooFireBall,GOOBALL,38,20,0
GooFireballBlub,GOOBALL,292,20,0
GobboGameSpark,GOBGAM,4,0,0
GobboGameSparks,GOBGAM,387,0,0
HitBubble,BUBBLES,756,3,0
HitBubbles,BUBBLES,880,3,0
HitCloud,CROCSMKE,244,20,0
Hammy,HAMMY,180,20,0
HuskyDoo,HDOO,80,20,2
HiddenIsland,HIDDEN,4,1,0
IceBoss,ICEBOSS,2442,20,4
IceBoss2,ICEBOSS,631,49,2
IceBoss3,ICEBOSS,1025,49,2
IceBoss4,ICEBOSS,1419,49,2
IceBoss5,ICEBOSS,1789,49,2
IceBoss6,ICEBOSS,2159,49,2
IceBoss7,ICEBOSS,2529,49,2
IceTrounceCloud,ICEBOSS,3756,20,0
IceRollCloud,ICEBOSS,2306,52,1
IslandTree01,ISLETREE,4,67,0
IslandTree02,ISLETREE,56,67,0
IslandTree03,ISLETREE,108,67,0
IslandTree04,ISLETREE,160,67,0
IslandTree05,ISLETREE,212,67,0
IslandTree06,ISLETREE,264,67,0
IceTornado,TWST,4,18,2
InvisJelly,INVISSPR,4,20,0
IslandCamera,CAMERA,766,1,0
IslandBat,IBAT,97,20,0
IslandSheep1,ISHEEP1,4,20,1
IslandSheep2,ISHEEP2,4,20,0
IslandFire,IFIRE,4,20,0
IslandFireActual,IFIRE,91,20,0
IslandSteam,ISTEAM,4,20,0
IslandSteamActual,ISTEAM,92,20,0
IslandCloud1,ICLOUD1,134,20,0
IslandCloud2,ICLOUD2,134,20,0
IslandCloud3,ICLOUD3,134,20,0
IslandTree1,ITREE1,4,20,0
IslandTree2,ITREE2,4,20,0
IslandTree3,ITREE3,4,20,0
IslandSnowTree,ISNTREE,4,1,0
IslandDesertTree,IDSTREE,4,20,0
IslandCacti,ICACTI,4,20,0
IslandCactus,ICACTUS,4,20,0
IslandCastleRotatePlat,ICASPLAT,4,2,0
IslandCastleBlocks,ICASBLOK,4,2,0
IBlock1,ICASBLOK,41,2,0
IBlock2,ICASBLOK,225,2,0
IslandCastleRotPlat,ICASPLAT,4,2,0
IslandCog,ICOG,4,2,0
IslandBalloon,IBALLOON,4,20,0
IslandIceBerg1,IICEB1,4,2,0
IslandBerg2,IICEB2,4,2,0
IslandRain,IRAIN,4,2,0
IslandSnowTree2,ISNTRE2,4,1,0
IslandSnow2Tree,ISNTRE2,4,1,0
Jumpy,JMPY,87,20,0
JonnyBee,JBGD,25,17,0
Jigsaw,JIGSAW,9,1,0
JlyFsh,JLYFSH,156,0,1
KeyForLockedDoor,KEY4DOOR,296,0,0
KeyForLockedDoorFloat,KEY4DOOR,85,0,0
KeyForCage,KEY4CAGE,259,0,0
KeyForCageFloat,KEY4CAGE,66,0,0
KeyGhost,GHSTCRYS,997,0,0
Key4CageSprkGen,KEY4CAGE,400,0,0
Key4CageSparkle,KEY4CAGE,528,0,0
LBubble,BUBBLES,118,3,0
LowerSpike,ELECWALL,908,0,0
LevelEnder,ICEBOSS,3883,20,0
LeftBalloonDoor,BMAN,2929,0,1
LavaSpout,LAVSPOUT,4,52,0
LavaSpoutDrop,LAVSPOUT,139,50,0
LavaRaft,LAVARAFT,4,18,0
LockedDoor,KEYDOOR,4,0,0
LockedDoorR,KEYDOOR,777,0,0
LockedDoorL,KEYDOOR,1042,0,0
LavaBlubs,LAVABLUB,4,0,0
LavaBlubsActual,LAVABLUB,56,0,1
LightningBolt,TCLD,366,51,0
LightningSmoke,TCLD,476,51,0
LavaBlubImmediate,LAVABLUB,549,0,1
LightPickup,LGHT,139,0,1
Letter_B,LETTERB,305,0,0
Letter_O,LETTERO,300,0,0
Letter_N,LETTERN,300,0,0
Letter_U,LETTERU,300,0,0
Letter_S,LETTERS,300,0,0
LightningChase,LIGHTCHS,4,65,0
LavaFall,LAVAFALL,14,17,0
LavaFireBall,FIREBALL,39,0,0
LavaFireballBlub,FIREBALL,339,0,0
LightCarrier,LGHT,385,0,0
LodeKey,LODEKEY,28,2,0
LockPickupFountain,KEYDOOR,392,20,0
LockPickUpFountain,KEYDOOR,593,0,0
LodeDoor,LODEDOOR,4,2,0
LodePickUpFountain,LODEDOOR,602,2,0
LodeDoorR,LODEDOOR,743,2,0
LodeDoorL,LODEDOOR,1008,2,0
Letter_O_12_1,LET12_01,256,1,0
MrFrBall,MRFRBALL,46,0,1
Mummy,MUMY,301,20,1
MonkFish,MFSH,29,49,0
MalletPlatform,MALLET,133,52,0
MalletPeg,PETEPLAT,514,50,0
MalletMan,PETEPLAT,678,20,2
MalletManSection1,PETEPLAT,296,50,1
MalletPeg1,PETEPLAT,1514,20,0
MalletPeg2,PETEPLAT,1633,20,0
MalletPeg3,PETEPLAT,1752,20,0
MalletManSection2,PETEPLAT,453,50,1
MouthFx,NEPTUNA,1372,52,1
MouthFX,NEPTUNA,1926,20,1
MrFireballBlub,MRFRBALL,853,0,0
MalletMan2,PETEPLT2,629,17,2
Mumy2,MUMY2,158,20,2
MrLavaBlub,MRFRBALL,917,0,1
MapCroc,CAMERA,451,1,0
NeptunaBubble,BUBBNEP,4,49,0
NeptunaProjectile,NEPTUNA,1727,0,0
NormalPlatform,PLATNORM,4,49,0
Nathan_Platform,PLAT33_3,41,3,3
NatPlatSwitch,PLAT33_3,523,3,1
NatPlatStartSparkle,PLAT33_3,787,3,0
NatPlatEndSparkle,PLAT33_3,895,3,0
NormalDoor,SQREDOOR,4,17,0
OneWayDoor,1WAYDOOR,4,20,0
OneWayDoorR,1WAYDOOR,193,20,0
OneWayDoorL,1WAYDOOR,536,20,0
OneWayDoorPadlock,1WAYDOOR,736,20,0
OneWayDoorCol,1WAYDOOR,161,20,0
PickUpScatter,CRYSSCAT,33,1,2
PetersPlatform,PETEPLAT,1381,20,0
PPlat1,PETEPLAT,466,50,1
PPlat2,PETEPLAT,1043,50,1
PPlat3,PETEPLAT,1627,50,1
PPlat4,PETEPLAT,2211,50,1
PPlat5,PETEPLAT,2700,50,1
PPlat6,PETEPLAT,3211,50,1
PPlat7,PETEPLAT,3736,50,1
PPlat8,PETEPLAT,3982,50,1
PlatformPete,PETEPLAT,4228,50,1
PlatformPete2,PETEPLAT,4566,50,1
PlatformPete3,PETEPLAT,4729,50,1
PushBlock,PSHH,176,17,0
PushBlockFall,PSHD,800,3,0
PlatformSwitch,PLATSWCH,246,2,0
Puffy,PUFY,30,81,0
PeterMalletMan,MALLET,4,52,1
Plunger,BMAN,2081,0,1
PetePlatSection1,PETEPLAT,2130,20,0
PetersPlatform1,PETEPLAT,638,50,1
PetersPlatform2,PETEPLAT,748,50,1
PetePlatSection3,PETEPLAT,2887,20,0
PlatSwitchPlatform,PLATSWCH,74,2,1
PickupFountain,PICKSMBK,4,0,0
PickupFountainR,SMBKR,183,66,0
PickupFountainB,SMBKB,184,66,1
PickupFountainY,SMBKY,186,66,0
PlatformNormal,PLATNORM,297,20,3
PlatformDead,PLATDEAD,4,78,0
PlatformBridge,PLATBRDG,4,1,2
PlatformPlank,PLATBRDG,361,1,3
PlatformPlankTwinkle,PLATBRDG,1583,1,0
PlatformSpin,PLATSPIN,18,81,2
PlatformTimer,PLATTMER,4,2,4
PlatformStepStone,PLATSTEP,4,1,0
PlatformUnderOver,PLATUNDO,4,0,2
PlatformDip,PLATDIP,4,0,1
PlatformDipFlame,PLATDIP,475,0,0
PlatformDipFireBall,PLATDIP,668,0,0
PlatformDipSplash,PLATDIP,981,0,0
PadLockForKeyDoor,KEYDOOR,371,0,0
PlatformDesertSwitch,PLATDSRT,4,0,1
PlatformDSwitch,PLATDSRT,84,0,0
PlatformDesertSparkle,PLATDSRT,276,0,1
PickupFountainSmbkGobb,SMBKGOBB,304,66,0
PlatformDeadTar,PLATDEDT,4,65,0
Platform_Appear,PLATAPPR,4,81,0
Platform_Disappear,PLATFX,112,65,0
PFSmbkGobbFloat,SMBKGOBF,201,65,0
Penguin,PENGUIN,18,0,0
PickupFountainFloat,SMBKFLT,270,66,0
Plat12PickupFountain,PLAT12_0,693,0,0
PlatCrys,PLATCRYS,12,0,1
PlatformRotate,PLATROT,18,81,1
PlatformJumpAppear,PLATJAP,4,78,2
Plat23PickupFountain,PLAT23_1,432,17,0
PickupFountainSBBonus,SMBKBNUS,448,66,0
Penguin_Stand,PENGSTND,4,65,0
PickupFountainOld,SMBK,528,66,0
PickupFountainPush,SMBKPSHD,419,66,0
PenguinSplash,PENGUIN,205,84,2
PenguinSplasher,PENGUIN,471,0,2
PWackSwitch1,WACKPENG,137,3,0
PWackSwitch2,WACKPENG,290,3,0
PWackSwitch3,WACKPENG,436,3,0
PWackStartSwitch,WACKPENG,589,3,0
PWackPeng,WACKPENG,815,3,1
PickupFountainSBBonusF,SMBKBNFL,634,20,0
PuzzleBigCog,DANCOG1,351,20,0
PuzzleSmlCog,DANCOG1,737,20,0
PuzzleCogs,DANCOG1,4,20,1
PushBlockSmoke,PSHH,526,20,1
PickUpBonus,PICKBNUS,4,20,0
PickUpBonusTwinkle,PICKBNUS,387,20,0
PickUpBonusUp,PICKBNUS,116,20,0
PadlockSparkle,KEYDOOR,414,20,0
PadlockSparkleGen,KEYDOOR,530,0,0
PengPickupFountain,WACKPENG,3526,3,0
PlatNathDrop,NPLATDRP,4,17,0
PushSmoke,PSHH,671,20,0
PushSmokePuff,PSHH,442,17,0
PushFallSmoke,PSHD,1295,3,0
PushFallBillow,PSHD,1662,3,0
PushFallBSmoke,PSHD,1707,3,0
PlatformCrumble,PLATDISP,412,0,0
PlatformQuart,PLATDISP,512,0,0
PlatformSwch,PLATTMER,983,2,1
PadLodeForKeyDoor,LODEDOOR,380,2,0
PadlodeSparkleGen,LODEDOOR,539,2,0
PlatDisp_Appear,PLATDISP,853,0,0
PlatDrop_Appear,NPLATDRP,491,17,0
PlatformDead_Cheat1,PLAT10_0,4,1,0
PlatformQuarter,PLATDIS,280,20,0
PeteSfxHit,PETEPLAT,3164,20,0
PeteSfxShake,PETEPLAT,3218,20,0
PickupFountainSBFlt,SMBKFLT,410,1,0
PickupFountainSBGbFlt,SMBKGOBF,1269,1,0
PushBlockTower,PSHD,4,3,1
PushTowerSwitch,PSHD,427,3,0
PlatformCheat1,PLATCHT1,4,20,0
PlatformCheat2,PLATCHT2,4,20,0
PlatformGDip,PLATGDIP,4,0,1
PlatformGDipFlame,PLATGDIP,476,0,0
PlatformGDipFireBall,PLATGDIP,671,0,0
PlatformGDipSplash,PLATGDIP,988,0,0
RBubble,BUBBLES,494,3,0
RootStream,WATERFAN,300,20,0
RemotePlatform,REMOTE,268,49,0
RunningPlatform,RUNNING,98,17,2
RunningSwitch,RUN1,873,20,1
RollingBoulder,ROLLBOUL,4,17,1
RovingBolt,RVNGBOLT,91,49,0
RightBalloonDoor,BMAN,3120,0,0
RedCrystal,CRYSRED,4,49,0
RaftSparkle,LAVARAFT,282,17,0
Rainbow,RAINBOW,4,48,0
Rhino,RHINO,22,20,2
RegenSparkle,REGEN,4,0,0
RunSwitch,RUNNING,939,17,0
Rain4Real,IRAIN,37,2,0
StompWobbleCamera,CROC,14553,0,0
SkidGen,CROC,14762,0,0
SwimmingCroc,SWIMCROC,2315,0,5
SeedBlue,SEED_FRZ,21,20,0
SeedRed,SEED_1UP,686,0,1
SeedYellow,SEED_SHD,21,17,0
SkidCloud,CROCSMKE,547,20,1
SuckStream,WATERFAN,430,20,1
SmashLid,SMASHLID,83,3,0
Snappy,SNPY,156,20,0
SwitchLeft,REMOTE,4,49,1
SwitchRight,REMOTE,70,49,1
SwitchForward,REMOTE,136,49,1
SecretPlatform1,PLATSEC1,4,50,0
SceneryButterfly,SBFLY,99,1,0
Sheep,SHEP,54,52,3
SwipeSwiftly,SWIPE,73,20,3
SwitchBackward,REMOTE,202,49,1
Spring,SPRING,4,0,1
Steam,BOBO,716,17,0
Steamer,BOBO,609,17,0
SpookySpider,SPYDER,154,20,2
ScalingPlatform,SCALE,4,17,2
SheepBox,SHEP,363,52,1
Spinner,ICEBOSS,781,52,0
SnowFall,ICEBOSS,3586,20,0
SpikePlatform,SPKEPLAT,4,52,1
SecretPlatform2,PLATSEC2,4,50,0
ShotBolt,BOLTSHOT,157,81,1
SmashBlock,SMBK,254,3,0
SmashBlock_Red,SMBKR,164,3,0
SmashBlock_Blue,SMBKB,165,20,1
SmashBlock_Yellow,SMBKY,167,20,1
SmashBlockFloat,SMBKFLT,262,1,0
SpinningPlatform,SPIN,55,49,2
ShotBolt2,BOLTSHT2,157,3,2
SmFountain,SMASHLID,131,66,0
StompWobbleCameraSlide,CROCSLDE,7045,17,0
SkidGenSlide,CROCSLDE,7254,17,0
ShellBox1,SHELGAME,805,0,0
ShellBox2,SHELGAME,1071,0,0
ShellBox3,SHELGAME,1376,0,0
ShellGame,SHELGAME,3456,0,2
ShellSmashBlock,SHELGAME,4041,0,2
ShellPickupFountain,SHELGAME,4211,0,0
ShellSmashBlock_Red,SHELGAME,4521,0,2
ShellPickupFountainR,SHELGAME,4691,0,0
ShellBird,SHELGAME,68,2,0
ShellSpark,SHELGAME,26,2,0
SwimCrocBubble,SWIMCROC,4095,0,0
SwitchPlatforms,PLAT12_0,4,0,1
SwitchTrigger,PLAT12_0,185,0,0
SwitchTriggerPlat,PLAT23_1,168,17,0
SwitchTrigger2,PLAT12_0,311,0,0
ShellStartSwitch,SHELGAME,2976,0,0
SmashBlockGobbo,SMBKGOBB,279,3,0
SquareDoorR,SQREDOOR,342,17,0
SquareDoorL,SQREDOOR,102,17,0
SpikeBall,SPIKEBAL,5,0,1
SmashBlockFloatGobbo,SMBKGOBF,259,1,0
Scorpion,SCORPION,297,20,3
SwitchPlatformSingle,PLAT23_1,4,17,1
SwitchTriggerPlats,PLAT12_0,429,0,0
SmashBlockBonus,SMBKBNUS,450,3,0
SnowBoard,CROCSLDE,7555,67,0
SpringDisplay,SPRING,227,0,0
SmashPushBlockFall,SMBKPSHD,229,20,0
SmashableIceBlock,SMASHICE,4,66,0
SmashBlockBonusFloat,SMBKBNFL,534,20,0
SpookyDeath,SPYDER,390,20,0
SmokeGenerator,STEAM,82,20,0
SmashBlockFly,SMBKFLY,210,66,0
SmashBlockFlyFloat,SMBKFFLY,183,66,0
SmashBlockLode,SMBKLODE,196,66,0
ScorpFire,SCORPION,1419,20,0
StompWobbleCameraX,CROCLEW,13634,67,0
SkidGenX,CROCLEW,13843,67,0
SmashBlockCog,SMBKCG,187,0,0
SwipeFall,SWIPFALL,73,3,3
SwipeFallMain,SWIPFALL,69,2,2
ScorpionJump,SCORPJMP,184,20,3
ScorpJumpFire,SCORPJMP,794,20,0
SmokeGeneratorCol,STEAM,209,20,0
SeedRedWater,SEED_1W,429,18,0
SpringDisplay2,SPRING,1487,3,0
SpikeBallDesert,DSRTSBAL,5,0,1
SecretRock,SECRETRK,83,2,0
SmashBlockFloat35,SMBK35,264,20,0
Secret1,SECRET1,111,20,0
Secret2,SECRET2,111,20,0
Secret3,SECRET3,111,20,0
Secret4,SECRET4,111,20,0
Secret5,SECRET5,111,20,0
Secret6,SECRET6,111,20,0
Secret7,SECRET7,74,20,0
Secret8,SECRET8,74,1,0
Secret9,SECRET9,111,1,0
SecretFount,SECPUF,246,20,0
SecretFountain,SECPUF,179,20,0
SecretShow,SECPUF,63,20,0
SecretShower,SECPUF,4,20,0
Tremor,BKNT,305,20,0
TiltPlatform,TILT,4,67,1
Tornado,TWST,4,1,2
TimerSwitch,TIMESWCH,74,50,2
TimerPlatform,TIMESWCH,440,50,1
TheManHimself,BMAN,603,0,4
Tumbler,BMANTEST,4,52,0
TrounceWobbleCamera,ICEBOSS,3261,20,0
TailFX,NEPTUNA,1604,20,1
TailBubble,NEPTUNA,1549,20,0
ThunderCloud,TCLD,4,51,1
ThunderBolt,TCLD,74,51,0
TeleportingTemp,PLATJAP,149,78,1
TeleportStar,PLATJAP,525,78,0
Torch3Generator,TORCH3,4,65,0
TimedSpike,SPIKE,298,84,0
TickFX,PLAT33_3,1003,3,0
TitleCamera,TITCAM,4,1,0
UnderWaterFan,WATERFAN,4,20,0
UpperSpike,ELECWALL,628,0,0
UpExit,UPEXIT,4,20,0
UpExitSwitch,UPEXIT,93,20,0
UpExit_Disappear,UPEXIT,264,20,0
VampireFish,VFSH,121,20,0
VertBolt,VERTBOLT,113,67,2
WaterSpout,WATSPOUT,4,18,0
WaterSpoutDrop,WATSPOUT,273,18,0
Whale,WHALE,4,49,0
WhaleJaw,WHALE,222,49,0
WackSwitch1,WACKGAME,142,3,0
WackSwitch2,WACKGAME,295,3,0
WackSwitch3,WACKGAME,441,3,0
WackJumpy,WACKGAME,791,3,0
WackJumpyGame,WACKGAME,1455,3,2
WackStartSwitch,WACKGAME,594,3,0
Worm,WORM,34,20,2
WormMound,WORM,918,20,1
WackPickupFountain,WACKGAME,2596,17,0
WormMoundSpec,WORM,810,67,0
WaterFall,WATRFALL,14,18,0
WackPeng,WACKPENG,692,66,0
WackSplasher,WACKPENG,3153,3,2
WackPengGame,WACKPENG,1598,3,2
Whelk,WHELK,95,84,0
WarningPuff,STEAM,810,20,0
Weeble,WEEBLE,395,0,3
WackGrim,WACKGRIM,791,3,0
WackGrimSwitch2,WACKGRIM,295,3,0
WackGrimSwitch3,WACKGRIM,441,3,0
WackGrimStartSwitch,WACKGRIM,594,3,0
WackGrimGame,WACKGRIM,1550,3,2
WackGrimSwitch1,WACKGRIM,142,3,0
Wutha,WUTHA,101,20,2
WuthaCollide,WUTHA,636,20,0
WarpSp,WARPSPR,4,0,1
WarpSparkle,WARPSPRK,4,0,0
WrpSprkle,WARPSPRK,270,0,0
WarpSpr,WARPSPR,4,0,1
WarpSpring,WARPSPR,4,0,1
WarpReturn,WARPRET,4,0,0
WarpReturnSprk,WARPRET,645,0,0
WarpReturnDrpSprk,WARPRET,369,0,0
WrpRetSprkle,WARPRET,194,0,0
WaterSplash,SPLASH,4,20,1
WarpSparkleActual,WSPARK,4,0,0
WrpSparkle2,WSPARK,90,0,0
Zombie,ZOMBIE,462,20,3
ZuvembieChain,ZOMBIE,860,67,2
ZuvembiePost,ZOMBIE,1133,67,0
ZombieSwitch,ZOMBIE,1002,20,0
ZombieBars,ZOMBIE,419,20,0
ZombieChain,ZOMBIE,181,20,2
ZombiePost,ZOMBIE,360,20,0
ZombieGate,ZOMBIE,1253,20,1
ZombGateCol,ZOMBIE,1524,20,0
birdsparkle,BIRDSPRK,4,49,1
croclavasmoke_temp,CROCSMKE,4,49,0
dt01smoke,DT01,1304,20,0
mumy2,MUMY2,97,20,2
repspark,REGEN,75,66,0
respark,REGEN,76,0,0
smk1Jet,STEAM,451,20,1
temp,NEPTUNA,2444,1,0
temp2,NEPTUNA,2528,1,0
temp3,NEPTUNA,2464,1,0
ElecLight,ELECWALL,548,0,0
GhostKey4CageSprkGen,GHSTCRYS,1162,0,0
GhostKey4CageSparkle,GHSTCRYS,1295,0,0
WarpSpringDisplay,WARPSPR,327,0,0
